{
	"name": "DyWorld-Dynamics-2",
	"version": "0.0.1",
	"factorio_version": "1.1",
	"title": "DyWorld-Dynamics 2",
	"author": "Dysoch",
    "contact": "https://discord.gg/yHJaZrq5Ww",
	"homepage": "https://github.com/Dysoch/DyWorld",
	"description": "DyWorld-Dynamics 2, the successor of DyWorld-Dynamics. Designed to be completely rebuild from the ground up, without Space Exploration has a hard requirement for better compatibility. ",
	"dependencies": [  
		"base >= 1.1.97",
		"DyCore >= 0.2.0",
		"informatron >= 0.3.4",
		"aai-containers >= 0.2.11",
		"Nanobots >= 3.2.19",
		"alien-biomes >= 0.6.8",
		
		"! DyComPa",

		"? Aircraft",
		"? crafting_combinator",
		"? Noxys_Waterfill",
		"? visual-signals",
		"? WaterWell",

		"! space-exploration-graphics >= 0.5.14",
		"! space-exploration-graphics-3 >= 0.1.1",
		"! space-exploration-graphics-2 >= 0.1.1",
		"! space-exploration-graphics-4 >= 0.1.1",
		"! space-exploration-graphics-5 >= 0.1.2",
		"! space-exploration >= 0.5.92",
		"! aai-industry >= 0.5.9",
		
		"! angelsindustries",
		"! angelspetrochem",
		"! angelsrefining",
		"! angelssmelting",
		"! bobelectronics",
		"! bobinserters",
		"! bobores",
		"! bobplates",
		"! bobpower",
		"! bobrevamp",
		"! bobtech",
		"! bobvehicleequipment",
		"! bobwarfare",
		"! Yuoki",
		"! pycoalprocessing",
		"! pyindustry",
		"! pyhightech",
		"! ab_logisticscenter",
		"! angelsinfiniteores",
		"! BasicSeaBlock",
		"! BitersBegone",
		"! BitersBegoneUpdated",
		"! bobmodules",
		"! bulkteleport",
		"! dangOreus",
		"! dark-matter-replicators",
		"! dark-matter-replicators-0_17-port",
		"! DeepMine",
		"! endlessresources",
		"! Explosive Excavation",
		"! FactorioExtended-Core",
		"! FactorioExtended-Plus-Core",
		"! IndustrialRevolution",
		"! IndustrialRevolution2",
		"! inf_res",
		"! infinite-resources-depletion",
		"! ItemTeleportation",
		"! Krastorio2",
		"! LandfillPainting",
		"! modmash",
		"! MoreScience",
		"! MoreSciencePacks",
		"! omnimatter",
		"! OnlyReds",
		"! PersonalTeleporter",
		"! pickerextended",
		"! pickerinventorytools",
		"! PlacePump",
		"! PumpAnywhere",
		"! PyBlock",
		"! railgun_revival",
		"! rso-mod",
		"! Rampant",
		"! SeaBlock",
		"! SchallMachineScaling",
		"! SchallOreConversion",
		"! SchallEndgameEvolution",
		"! sonaxaton-infinite-resources",
		"! SpaceMod",
		"! TagToTeleport",
		"! TeamCoop",
		"! Teleportation_Redux",
		"! traintunnels",
		"! Unlimited-Resources",
		"! UnlimitedProductivity",
		"! vtk-deep-core-mining",
		"! RPGsystem",
		"! qol_research",
		"! Warehousing",
		"! AfraidOfTheDark",
		"! far-reach",
		"! warptorio"
	]
}

