{
	"name": "DyWorld-Dynamics",
	"version": "0.7.91",
	"factorio_version": "1.1",
	"title": "DyWorld-Dynamics",
	"author": "Dysoch",
    "contact": "Via Discord!",
	"homepage": "https://github.com/Dysoch/DyWorld/",
	"description": "DyWorld-Dynamics, the successor of DyWorld, which is the successor of DyTech. Adds a massive story into the game. Use the mod scenario to start the story",
	"dependencies": [  
		"base >= 1.1.5",
		"(?) space-exploration-graphics >= 0.5.3",
		"(?) space-exploration >= 0.5.16",
		"informatron >= 0.2.1",
		"aai-containers >= 0.2.6",
		"Nanobots >= 3.2.13",
		"alien-biomes >= 0.6.1",
		"! pyindustry",
		"! AfraidOfTheDark",
		"! pycoalprocessing",
		"! boblibrary",
		"! angelsrefining",
		"! IndustrialRevolution",
		"! Yuoki",
		"! bobenemies",
		"! 5dim_core",
		"! Krastorio",
		"! Krastorio2"
	]
}

