{
	"name": "DyComPa",
	"version": "0.1.0",
	"factorio_version": "1.1",
	"title": "DyComPa (DyWorld-Compatibility-Patcher)",
	"author": "Dysoch",
    "contact": "Via Discord!",
	"homepage": "https://github.com/Dysoch/DyWorld/",
	"description": "DyWorld-Compatibility-Patcher (AKA: DyComPa), which patches other mods for use with DyWorld-Dynamics",
	"dependencies": [  
		"base >= 1.1.34",
		"DyWorld-Dynamics >= 0.7.99",
		"space-exploration-graphics >= 0.5.10",
		"space-exploration-graphics-2 >= 0.1.1",
		"space-exploration-graphics-3 >= 0.1.1",
		"space-exploration-graphics-4 >= 0.1.1",
		"space-exploration-graphics-5 >= 0.1.2",
		"space-exploration >= 0.5.76",
		"informatron >= 0.2.2",
		"aai-containers >= 0.2.8",
		"Nanobots >= 3.2.15",
		"alien-biomes >= 0.6.5"
	]
}

