{
	"name": "DyWorld-Dynamics",
	"version": "0.7.90",
	"factorio_version": "1.0",
	"title": "DyWorld-Dynamics",
	"author": "Dysoch",
    "contact": "Via Discord!",
	"homepage": "https://github.com/Dysoch/DyWorld/",
	"description": "DyWorld-Dynamics, the successor of DyWorld, which is the successor of DyTech. Adds a massive story into the game. Use the mod scenario to start the story",
	"dependencies": [  
		"base >= 1.0.0",
		"Nanobots >= 3.2.8",
		"alien-biomes >= 0.5.8",
		"! pyindustry",
		"! AfraidOfTheDark",
		"! pycoalprocessing",
		"! boblibrary",
		"! angelsrefining",
		"! IndustrialRevolution",
		"! Yuoki",
		"! bobenemies",
		"! 5dim_core",
		"! Krastorio",
		"! Krastorio2"
	]
}

