{
	"name": "DyWorld-Dynamics",
	"version": "0.9.0",
	"factorio_version": "1.0",
	"title": "DyWorld-Dynamics",
	"author": "Dysoch",
    "contact": "Via Discord!",
	"homepage": "https://github.com/Dysoch/DyWorld/",
	"description": "DyWorld-Dynamics, the successor of DyWorld, which is the successor of DyTech. ",
	"dependencies": [  
		"base >= 1.0.0",
		"Nanobots >= 3.2.8",
		"? even-distribution >= 0.3.18",
		"? Squeak Through >= 1.8.0",
		"! pyindustry",
		"! pycoalprocessing",
		"! boblibrary",
		"! angelsrefining",
		"! IndustrialRevolution",
		"! Yuoki",
		"! bobenemies",
		"! 5dim_core",
		"! Krastorio",
		"! Krastorio2"
	]
}

