{
	"name": "DyWorld",
	"version": "0.8.1",
	"factorio_version": "0.17",
	"title": "DyWorld",
	"author": "Dysoch, Zukii",
    "contact": "Via Discord!",
	"homepage": "https://github.com/Dysoch/DyWorld/",
	"description": "DyWorld, the successor of DyTech. Adding new systems, items, fluids, machines and enemies!!!! A complete overhaul that will change the way you play the game! Coding and idea's by Dysoch, Balancing by Zukii. Some models and code courtesy of Nova Kast, dgw and Anoyomouse",
	"dependencies": [  
		"base",
		"(?) alien-biomes",
		"! angelsrefining",
		"! pyindustry",
		"! pycoalprocessing",
		"! boblibrary"
	]
}

