{
	"name": "DyWorld",
	"version": "0.7.84",
	"factorio_version": "0.17",
	"title": "DyWorld",
	"author": "Dysoch, Zukii",
	"homepage": "https://github.com/Dysoch/DyWorld/",
	"description": "DyWorld, the successor of DyTech. Adding new systems, items, fluids, machines and enemies!!!! The Material System gives items like pipes and transport a real life feeling (metal property specific capacity/speed/range) and the Metallurgic System gives a new way to smelt ores. The Attribute System governs you! This means whatever you do, you get stronger from it!",
	"dependencies": ["base"]
}
