{
	"name": "DyComPa",
	"version": "0.1.7",
	"factorio_version": "1.1",
	"title": "DyComPa (DyWorld-Compatibility-Patcher)",
	"author": "Dysoch",
    "contact": "Via Discord: https://discord.gg/yHJaZrq5Ww",
	"homepage": "https://github.com/Dysoch/DyWorld",
	"description": "DyWorld-Compatibility-Patcher (AKA: DyComPa), which patches other mods for use with DyWorld-Dynamics",
	"dependencies": [  
		"DyWorld-Dynamics >= 0.2.1",
		"base >= 1.1.46",
		"DyCore >= 0.1.4",
		"space-exploration-graphics >= 0.5.14",
		"space-exploration-graphics-3 >= 0.1.1",
		"space-exploration-graphics-2 >= 0.1.1",
		"space-exploration-graphics-4 >= 0.1.1",
		"space-exploration-graphics-5 >= 0.1.2",
		"space-exploration >= 0.5.92",
		"informatron >= 0.2.2",
		"aai-containers >= 0.2.9",
		"aai-industry >= 0.5.9",
		"Nanobots >= 3.2.16",
		"alien-biomes >= 0.6.5",
        
        "(?) LogisticTrainNetwork",
		"(?) Aircraft"
	]
}

