{
	"name": "DyWorld",
	"version": "0.5.0",
	"factorio_version": "0.15",
	"title": "DyWorld",
	"author": "Dysoch",
	"homepage": "https://www.facebook.com/DyWorld-1895036517492410/",
	"description": "DyWorld, the successor of DyTech. Adding new systems, items, fluids, machines and enemies!!!! The Material System gives items like pipes and transport a real life feeling (metal property specific capacity/speed/range) and the Metallurgic System gives a new way to smelt ores. The Attribute System governs you! This means whatever you do, you get stronger from it!",
	"dependencies": ["base"]
}
