{
	"name": "DyWorld-Dynamics",
	"version": "0.1.0",
	"factorio_version": "1.1",
	"title": "DyWorld-Dynamics",
	"author": "Dysoch",
    "contact": "Via Discord: https://discord.gg/yHJaZrq5Ww",
	"homepage": "https://github.com/Dysoch/DyWorld",
	"description": "DyWorld-Dynamics, the successor of DyWorld, which is the successor of DyTech. Adds a massive story into the game. Use the mod scenario to start the story",
	"dependencies": [  
		"base >= 1.1.39",
		"DyCore >= 0.1.0",
		"space-exploration-graphics >= 0.5.12",
		"space-exploration-graphics-3 >= 0.1.1",
		"space-exploration-graphics-2 >= 0.1.1",
		"space-exploration-graphics-4 >= 0.1.1",
		"space-exploration-graphics-5 >= 0.1.2",
		"space-exploration >= 0.5.80",
		"informatron >= 0.2.2",
		"aai-containers >= 0.2.8",
		"aai-industry >= 0.5.9",
		"Nanobots >= 3.2.15",
		"alien-biomes >= 0.6.5",
		
		"~ DyComPa >= 0.1.2",

		"(?) Aircraft",
		
		"! angelsindustries",
		"! angelspetrochem",
		"! angelsrefining",
		"! angelssmelting",
		"! bobelectronics",
		"! bobinserters",
		"! bobores",
		"! bobplates",
		"! bobpower",
		"! bobrevamp",
		"! bobtech",
		"! bobvehicleequipment",
		"! bobwarfare",
		"! Yuoki",
		"! pycoalprocessing",
		"! pyindustry",
		"! pyhightech",
		"! ab_logisticscenter",
		"! angelsinfiniteores",
		"! BasicSeaBlock",
		"! BitersBegone",
		"! BitersBegoneUpdated",
		"! bobmodules",
		"! bulkteleport",
		"! dangOreus",
		"! dark-matter-replicators",
		"! dark-matter-replicators-0_17-port",
		"! DeepMine",
		"! endlessresources",
		"! Explosive Excavation",
		"! FactorioExtended-Core",
		"! FactorioExtended-Plus-Core",
		"! IndustrialRevolution",
		"! IndustrialRevolution2",
		"! inf_res",
		"! infinite-resources-depletion",
		"! ItemTeleportation",
		"! Krastorio2",
		"! LandfillPainting",
		"! modmash",
		"! MoreScience",
		"! MoreSciencePacks",
		"! omnimatter",
		"! OnlyReds",
		"! PersonalTeleporter",
		"! pickerextended",
		"! pickerinventorytools",
		"! PlacePump",
		"! PumpAnywhere",
		"! PyBlock",
		"! railgun_revival",
		"! rso-mod",
		"! Rampant",
		"! SeaBlock",
		"! SchallMachineScaling",
		"! SchallOreConversion",
		"! SchallEndgameEvolution",
		"! sonaxaton-infinite-resources",
		"! SpaceMod",
		"! TagToTeleport",
		"! TeamCoop",
		"! Teleportation_Redux",
		"! traintunnels",
		"! Unlimited-Resources",
		"! UnlimitedProductivity",
		"! vtk-deep-core-mining",
		"! qol_research",
		"! warptorio"
	]
}

